Status	Temporal	Word	Alternative
-	0	aanlaten	
-	0	benthuizen	Benthuizen
-	0	Drenthen	Drenten
-	0	franse	Franse
-	0	handenschudden	handen schudden
-	0	hergroepeerd	gehergroepeerd
-	0	hitler	
-	0	hitlers	
-	0	IVC	
-	0	IVCC	
-	0	IVCCC	
-	0	IVCCCI	
-	0	IVCCCII	
-	0	IVCCCIII	
-	0	IVCCCIV	
-	0	IVCCCIX	
-	0	IVCCCL	
-	0	IVCCCLI	
-	0	IVCCCLII	
-	0	IVCCCLIII	
-	0	IVCCCLIV	
-	0	IVCCCLIX	
-	0	IVCCCLV	
-	0	IVCCCLVI	
-	0	IVCCCLVII	
-	0	IVCCCLVIII	
-	0	IVCCCLX	
-	0	IVCCCLXI	
-	0	IVCCCLXII	
-	0	IVCCCLXIII	
-	0	IVCCCLXIV	
-	0	IVCCCLXIX	
-	0	IVCCCLXV	
-	0	IVCCCLXVI	
-	0	IVCCCLXVII	
-	0	IVCCCLXVIII	
-	0	IVCCCLXX	
-	0	IVCCCLXXI	
-	0	IVCCCLXXII	
-	0	IVCCCLXXIII	
-	0	IVCCCLXXIV	
-	0	IVCCCLXXIX	
-	0	IVCCCLXXV	
-	0	IVCCCLXXVI	
-	0	IVCCCLXXVII	
-	0	IVCCCLXXVIII	
-	0	IVCCCLXXX	
-	0	IVCCCLXXXI	
-	0	IVCCCLXXXII	
-	0	IVCCCLXXXIII	
-	0	IVCCCLXXXIV	
-	0	IVCCCLXXXIX	
-	0	IVCCCLXXXV	
-	0	IVCCCLXXXVI	
-	0	IVCCCLXXXVII	
-	0	IVCCCLXXXVIII	
-	0	IVCCCV	
-	0	IVCCCVI	
-	0	IVCCCVII	
-	0	IVCCCVIII	
-	0	IVCCCX	
-	0	IVCCCXC	
-	0	IVCCCXCI	
-	0	IVCCCXCII	
-	0	IVCCCXCIII	
-	0	IVCCCXCIV	
-	0	IVCCCXCIX	
-	0	IVCCCXCV	
-	0	IVCCCXCVI	
-	0	IVCCCXCVII	
-	0	IVCCCXCVIII	
-	0	IVCCCXI	
-	0	IVCCCXII	
-	0	IVCCCXIII	
-	0	IVCCCXIV	
-	0	IVCCCXIX	
-	0	IVCCCXL	
-	0	IVCCCXLI	
-	0	IVCCCXLII	
-	0	IVCCCXLIII	
-	0	IVCCCXLIV	
-	0	IVCCCXLIX	
-	0	IVCCCXLV	
-	0	IVCCCXLVI	
-	0	IVCCCXLVII	
-	0	IVCCCXLVIII	
-	0	IVCCCXV	
-	0	IVCCCXVI	
-	0	IVCCCXVII	
-	0	IVCCCXVIII	
-	0	IVCCCXX	
-	0	IVCCCXXI	
-	0	IVCCCXXII	
-	0	IVCCCXXIII	
-	0	IVCCCXXIV	
-	0	IVCCCXXIX	
-	0	IVCCCXXV	
-	0	IVCCCXXVI	
-	0	IVCCCXXVII	
-	0	IVCCCXXVIII	
-	0	IVCCCXXX	
-	0	IVCCCXXXI	
-	0	IVCCCXXXII	
-	0	IVCCCXXXIII	
-	0	IVCCCXXXIV	
-	0	IVCCCXXXIX	
-	0	IVCCCXXXV	
-	0	IVCCCXXXVI	
-	0	IVCCCXXXVII	
-	0	IVCCCXXXVIII	
-	0	IVCCI	
-	0	IVCCII	
-	0	IVCCIII	
-	0	IVCCIV	
-	0	IVCCIX	
-	0	IVCCL	
-	0	IVCCLI	
-	0	IVCCLII	
-	0	IVCCLIII	
-	0	IVCCLIV	
-	0	IVCCLIX	
-	0	IVCCLV	
-	0	IVCCLVI	
-	0	IVCCLVII	
-	0	IVCCLVIII	
-	0	IVCCLX	
-	0	IVCCLXI	
-	0	IVCCLXII	
-	0	IVCCLXIII	
-	0	IVCCLXIV	
-	0	IVCCLXIX	
-	0	IVCCLXV	
-	0	IVCCLXVI	
-	0	IVCCLXVII	
-	0	IVCCLXVIII	
-	0	IVCCLXX	
-	0	IVCCLXXI	
-	0	IVCCLXXII	
-	0	IVCCLXXIII	
-	0	IVCCLXXIV	
-	0	IVCCLXXIX	
-	0	IVCCLXXV	
-	0	IVCCLXXVI	
-	0	IVCCLXXVII	
-	0	IVCCLXXVIII	
-	0	IVCCLXXX	
-	0	IVCCLXXXI	
-	0	IVCCLXXXII	
-	0	IVCCLXXXIII	
-	0	IVCCLXXXIV	
-	0	IVCCLXXXIX	
-	0	IVCCLXXXV	
-	0	IVCCLXXXVI	
-	0	IVCCLXXXVII	
-	0	IVCCLXXXVIII	
-	0	IVCCV	
-	0	IVCCVI	
-	0	IVCCVII	
-	0	IVCCVIII	
-	0	IVCCX	
-	0	IVCCXC	
-	0	IVCCXCI	
-	0	IVCCXCII	
-	0	IVCCXCIII	
-	0	IVCCXCIV	
-	0	IVCCXCIX	
-	0	IVCCXCV	
-	0	IVCCXCVI	
-	0	IVCCXCVII	
-	0	IVCCXCVIII	
-	0	IVCCXI	
-	0	IVCCXII	
-	0	IVCCXIII	
-	0	IVCCXIV	
-	0	IVCCXIX	
-	0	IVCCXL	
-	0	IVCCXLI	
-	0	IVCCXLII	
-	0	IVCCXLIII	
-	0	IVCCXLIV	
-	0	IVCCXLIX	
-	0	IVCCXLV	
-	0	IVCCXLVI	
-	0	IVCCXLVII	
-	0	IVCCXLVIII	
-	0	IVCCXV	
-	0	IVCCXVI	
-	0	IVCCXVII	
-	0	IVCCXVIII	
-	0	IVCCXX	
-	0	IVCCXXI	
-	0	IVCCXXII	
-	0	IVCCXXIII	
-	0	IVCCXXIV	
-	0	IVCCXXIX	
-	0	IVCCXXV	
-	0	IVCCXXVI	
-	0	IVCCXXVII	
-	0	IVCCXXVIII	
-	0	IVCCXXX	
-	0	IVCCXXXI	
-	0	IVCCXXXII	
-	0	IVCCXXXIII	
-	0	IVCCXXXIV	
-	0	IVCCXXXIX	
-	0	IVCCXXXV	
-	0	IVCCXXXVI	
-	0	IVCCXXXVII	
-	0	IVCCXXXVIII	
-	0	IVCD	
-	0	IVCDI	
-	0	IVCDII	
-	0	IVCDIII	
-	0	IVCDIV	
-	0	IVCDIX	
-	0	IVCDL	
-	0	IVCDLI	
-	0	IVCDLII	
-	0	IVCDLIII	
-	0	IVCDLIV	
-	0	IVCDLIX	
-	0	IVCDLV	
-	0	IVCDLVI	
-	0	IVCDLVII	
-	0	IVCDLVIII	
-	0	IVCDLX	
-	0	IVCDLXI	
-	0	IVCDLXII	
-	0	IVCDLXIII	
-	0	IVCDLXIV	
-	0	IVCDLXIX	
-	0	IVCDLXV	
-	0	IVCDLXVI	
-	0	IVCDLXVII	
-	0	IVCDLXVIII	
-	0	IVCDLXX	
-	0	IVCDLXXI	
-	0	IVCDLXXII	
-	0	IVCDLXXIII	
-	0	IVCDLXXIV	
-	0	IVCDLXXIX	
-	0	IVCDLXXV	
-	0	IVCDLXXVI	
-	0	IVCDLXXVII	
-	0	IVCDLXXVIII	
-	0	IVCDLXXX	
-	0	IVCDLXXXI	
-	0	IVCDLXXXII	
-	0	IVCDLXXXIII	
-	0	IVCDLXXXIV	
-	0	IVCDLXXXIX	
-	0	IVCDLXXXV	
-	0	IVCDLXXXVI	
-	0	IVCDLXXXVII	
-	0	IVCDLXXXVIII	
-	0	IVCDV	
-	0	IVCDVI	
-	0	IVCDVII	
-	0	IVCDVIII	
-	0	IVCDX	
-	0	IVCDXC	
-	0	IVCDXCI	
-	0	IVCDXCII	
-	0	IVCDXCIII	
-	0	IVCDXCIV	
-	0	IVCDXCIX	
-	0	IVCDXCV	
-	0	IVCDXCVI	
-	0	IVCDXCVII	
-	0	IVCDXCVIII	
-	0	IVCDXI	
-	0	IVCDXII	
-	0	IVCDXIII	
-	0	IVCDXIV	
-	0	IVCDXIX	
-	0	IVCDXL	
-	0	IVCDXLI	
-	0	IVCDXLII	
-	0	IVCDXLIII	
-	0	IVCDXLIV	
-	0	IVCDXLIX	
-	0	IVCDXLV	
-	0	IVCDXLVI	
-	0	IVCDXLVII	
-	0	IVCDXLVIII	
-	0	IVCDXV	
-	0	IVCDXVI	
-	0	IVCDXVII	
-	0	IVCDXVIII	
-	0	IVCDXX	
-	0	IVCDXXI	
-	0	IVCDXXII	
-	0	IVCDXXIII	
-	0	IVCDXXIV	
-	0	IVCDXXIX	
-	0	IVCDXXV	
-	0	IVCDXXVI	
-	0	IVCDXXVII	
-	0	IVCDXXVIII	
-	0	IVCDXXX	
-	0	IVCDXXXI	
-	0	IVCDXXXII	
-	0	IVCDXXXIII	
-	0	IVCDXXXIV	
-	0	IVCDXXXIX	
-	0	IVCDXXXV	
-	0	IVCDXXXVI	
-	0	IVCDXXXVII	
-	0	IVCDXXXVIII	
-	0	IVCI	
-	0	IVCII	
-	0	IVCIII	
-	0	IVCIV	
-	0	IVCIX	
-	0	IVCL	
-	0	IVCLI	
-	0	IVCLII	
-	0	IVCLIII	
-	0	IVCLIV	
-	0	IVCLIX	
-	0	IVCLV	
-	0	IVCLVI	
-	0	IVCLVII	
-	0	IVCLVIII	
-	0	IVCLX	
-	0	IVCLXI	
-	0	IVCLXII	
-	0	IVCLXIII	
-	0	IVCLXIV	
-	0	IVCLXIX	
-	0	IVCLXV	
-	0	IVCLXVI	
-	0	IVCLXVII	
-	0	IVCLXVIII	
-	0	IVCLXX	
-	0	IVCLXXI	
-	0	IVCLXXII	
-	0	IVCLXXIII	
-	0	IVCLXXIV	
-	0	IVCLXXIX	
-	0	IVCLXXV	
-	0	IVCLXXVI	
-	0	IVCLXXVII	
-	0	IVCLXXVIII	
-	0	IVCLXXX	
-	0	IVCLXXXI	
-	0	IVCLXXXII	
-	0	IVCLXXXIII	
-	0	IVCLXXXIV	
-	0	IVCLXXXIX	
-	0	IVCLXXXV	
-	0	IVCLXXXVI	
-	0	IVCLXXXVII	
-	0	IVCLXXXVIII	
-	0	IVCM	
-	0	IVCMI	
-	0	IVCMII	
-	0	IVCMIII	
-	0	IVCMIV	
-	0	IVCMIX	
-	0	IVCML	
-	0	IVCMLI	
-	0	IVCMLII	
-	0	IVCMLIII	
-	0	IVCMLIV	
-	0	IVCMLIX	
-	0	IVCMLV	
-	0	IVCMLVI	
-	0	IVCMLVII	
-	0	IVCMLVIII	
-	0	IVCMLX	
-	0	IVCMLXI	
-	0	IVCMLXII	
-	0	IVCMLXIII	
-	0	IVCMLXIV	
-	0	IVCMLXIX	
-	0	IVCMLXV	
-	0	IVCMLXVI	
-	0	IVCMLXVII	
-	0	IVCMLXVIII	
-	0	IVCMLXX	
-	0	IVCMLXXI	
-	0	IVCMLXXII	
-	0	IVCMLXXIII	
-	0	IVCMLXXIV	
-	0	IVCMLXXIX	
-	0	IVCMLXXV	
-	0	IVCMLXXVI	
-	0	IVCMLXXVII	
-	0	IVCMLXXVIII	
-	0	IVCMLXXX	
-	0	IVCMLXXXI	
-	0	IVCMLXXXII	
-	0	IVCMLXXXIII	
-	0	IVCMLXXXIV	
-	0	IVCMLXXXIX	
-	0	IVCMLXXXV	
-	0	IVCMLXXXVI	
-	0	IVCMLXXXVII	
-	0	IVCMLXXXVIII	
-	0	IVCMV	
-	0	IVCMVI	
-	0	IVCMVII	
-	0	IVCMVIII	
-	0	IVCMX	
-	0	IVCMXC	
-	0	IVCMXCI	
-	0	IVCMXCII	
-	0	IVCMXCIII	
-	0	IVCMXCIV	
-	0	IVCMXCIX	
-	0	IVCMXCV	
-	0	IVCMXCVI	
-	0	IVCMXCVII	
-	0	IVCMXCVIII	
-	0	IVCMXI	
-	0	IVCMXII	
-	0	IVCMXIII	
-	0	IVCMXIV	
-	0	IVCMXIX	
-	0	IVCMXL	
-	0	IVCMXLI	
-	0	IVCMXLII	
-	0	IVCMXLIII	
-	0	IVCMXLIV	
-	0	IVCMXLIX	
-	0	IVCMXLV	
-	0	IVCMXLVI	
-	0	IVCMXLVII	
-	0	IVCMXLVIII	
-	0	IVCMXV	
-	0	IVCMXVI	
-	0	IVCMXVII	
-	0	IVCMXVIII	
-	0	IVCMXX	
-	0	IVCMXXI	
-	0	IVCMXXII	
-	0	IVCMXXIII	
-	0	IVCMXXIV	
-	0	IVCMXXIX	
-	0	IVCMXXV	
-	0	IVCMXXVI	
-	0	IVCMXXVII	
-	0	IVCMXXVIII	
-	0	IVCMXXX	
-	0	IVCMXXXI	
-	0	IVCMXXXII	
-	0	IVCMXXXIII	
-	0	IVCMXXXIV	
-	0	IVCMXXXIX	
-	0	IVCMXXXV	
-	0	IVCMXXXVI	
-	0	IVCMXXXVII	
-	0	IVCMXXXVIII	
-	0	IVCV	
-	0	IVCVI	
-	0	IVCVII	
-	0	IVCVIII	
-	0	IVCX	
-	0	IVCXC	
-	0	IVCXCI	
-	0	IVCXCII	
-	0	IVCXCIII	
-	0	IVCXCIV	
-	0	IVCXCIX	
-	0	IVCXCV	
-	0	IVCXCVI	
-	0	IVCXCVII	
-	0	IVCXCVIII	
-	0	IVCXI	
-	0	IVCXII	
-	0	IVCXIII	
-	0	IVCXIV	
-	0	IVCXIX	
-	0	IVCXL	
-	0	IVCXLI	
-	0	IVCXLII	
-	0	IVCXLIII	
-	0	IVCXLIV	
-	0	IVCXLIX	
-	0	IVCXLV	
-	0	IVCXLVI	
-	0	IVCXLVII	
-	0	IVCXLVIII	
-	0	IVCXV	
-	0	IVCXVI	
-	0	IVCXVII	
-	0	IVCXVIII	
-	0	IVCXX	
-	0	IVCXXI	
-	0	IVCXXII	
-	0	IVCXXIII	
-	0	IVCXXIV	
-	0	IVCXXIX	
-	0	IVCXXV	
-	0	IVCXXVI	
-	0	IVCXXVII	
-	0	IVCXXVIII	
-	0	IVCXXX	
-	0	IVCXXXI	
-	0	IVCXXXII	
-	0	IVCXXXIII	
-	0	IVCXXXIV	
-	0	IVCXXXIX	
-	0	IVCXXXV	
-	0	IVCXXXVI	
-	0	IVCXXXVII	
-	0	IVCXXXVIII	
-	0	IVD	
-	0	IVDC	
-	0	IVDCC	
-	0	IVDCCC	
-	0	IVDCCCI	
-	0	IVDCCCII	
-	0	IVDCCCIII	
-	0	IVDCCCIV	
-	0	IVDCCCIX	
-	0	IVDCCCL	
-	0	IVDCCCLI	
-	0	IVDCCCLII	
-	0	IVDCCCLIII	
-	0	IVDCCCLIV	
-	0	IVDCCCLIX	
-	0	IVDCCCLV	
-	0	IVDCCCLVI	
-	0	IVDCCCLVII	
-	0	IVDCCCLVIII	
-	0	IVDCCCLX	
-	0	IVDCCCLXI	
-	0	IVDCCCLXII	
-	0	IVDCCCLXIII	
-	0	IVDCCCLXIV	
-	0	IVDCCCLXIX	
-	0	IVDCCCLXV	
-	0	IVDCCCLXVI	
-	0	IVDCCCLXVII	
-	0	IVDCCCLXVIII	
-	0	IVDCCCLXX	
-	0	IVDCCCLXXI	
-	0	IVDCCCLXXII	
-	0	IVDCCCLXXIII	
-	0	IVDCCCLXXIV	
-	0	IVDCCCLXXIX	
-	0	IVDCCCLXXV	
-	0	IVDCCCLXXVI	
-	0	IVDCCCLXXVII	
-	0	IVDCCCLXXVIII	
-	0	IVDCCCLXXX	
-	0	IVDCCCLXXXI	
-	0	IVDCCCLXXXII	
-	0	IVDCCCLXXXIII	
-	0	IVDCCCLXXXIV	
-	0	IVDCCCLXXXIX	
-	0	IVDCCCLXXXV	
-	0	IVDCCCLXXXVI	
-	0	IVDCCCLXXXVII	
-	0	IVDCCCLXXXVIII	
-	0	IVDCCCV	
-	0	IVDCCCVI	
-	0	IVDCCCVII	
-	0	IVDCCCVIII	
-	0	IVDCCCX	
-	0	IVDCCCXC	
-	0	IVDCCCXCI	
-	0	IVDCCCXCII	
-	0	IVDCCCXCIII	
-	0	IVDCCCXCIV	
-	0	IVDCCCXCIX	
-	0	IVDCCCXCV	
-	0	IVDCCCXCVI	
-	0	IVDCCCXCVII	
-	0	IVDCCCXCVIII	
-	0	IVDCCCXI	
-	0	IVDCCCXII	
-	0	IVDCCCXIII	
-	0	IVDCCCXIV	
-	0	IVDCCCXIX	
-	0	IVDCCCXL	
-	0	IVDCCCXLI	
-	0	IVDCCCXLII	
-	0	IVDCCCXLIII	
-	0	IVDCCCXLIV	
-	0	IVDCCCXLIX	
-	0	IVDCCCXLV	
-	0	IVDCCCXLVI	
-	0	IVDCCCXLVII	
-	0	IVDCCCXLVIII	
-	0	IVDCCCXV	
-	0	IVDCCCXVI	
-	0	IVDCCCXVII	
-	0	IVDCCCXVIII	
-	0	IVDCCCXX	
-	0	IVDCCCXXI	
-	0	IVDCCCXXII	
-	0	IVDCCCXXIII	
-	0	IVDCCCXXIV	
-	0	IVDCCCXXIX	
-	0	IVDCCCXXV	
-	0	IVDCCCXXVI	
-	0	IVDCCCXXVII	
-	0	IVDCCCXXVIII	
-	0	IVDCCCXXX	
-	0	IVDCCCXXXI	
-	0	IVDCCCXXXII	
-	0	IVDCCCXXXIII	
-	0	IVDCCCXXXIV	
-	0	IVDCCCXXXIX	
-	0	IVDCCCXXXV	
-	0	IVDCCCXXXVI	
-	0	IVDCCCXXXVII	
-	0	IVDCCCXXXVIII	
-	0	IVDCCI	
-	0	IVDCCII	
-	0	IVDCCIII	
-	0	IVDCCIV	
-	0	IVDCCIX	
-	0	IVDCCL	
-	0	IVDCCLI	
-	0	IVDCCLII	
-	0	IVDCCLIII	
-	0	IVDCCLIV	
-	0	IVDCCLIX	
-	0	IVDCCLV	
-	0	IVDCCLVI	
-	0	IVDCCLVII	
-	0	IVDCCLVIII	
-	0	IVDCCLX	
-	0	IVDCCLXI	
-	0	IVDCCLXII	
-	0	IVDCCLXIII	
-	0	IVDCCLXIV	
-	0	IVDCCLXIX	
-	0	IVDCCLXV	
-	0	IVDCCLXVI	
-	0	IVDCCLXVII	
-	0	IVDCCLXVIII	
-	0	IVDCCLXX	
-	0	IVDCCLXXI	
-	0	IVDCCLXXII	
-	0	IVDCCLXXIII	
-	0	IVDCCLXXIV	
-	0	IVDCCLXXIX	
-	0	IVDCCLXXV	
-	0	IVDCCLXXVI	
-	0	IVDCCLXXVII	
-	0	IVDCCLXXVIII	
-	0	IVDCCLXXX	
-	0	IVDCCLXXXI	
-	0	IVDCCLXXXII	
-	0	IVDCCLXXXIII	
-	0	IVDCCLXXXIV	
-	0	IVDCCLXXXIX	
-	0	IVDCCLXXXV	
-	0	IVDCCLXXXVI	
-	0	IVDCCLXXXVII	
-	0	IVDCCLXXXVIII	
-	0	IVDCCV	
-	0	IVDCCVI	
-	0	IVDCCVII	
-	0	IVDCCVIII	
-	0	IVDCCX	
-	0	IVDCCXC	
-	0	IVDCCXCI	
-	0	IVDCCXCII	
-	0	IVDCCXCIII	
-	0	IVDCCXCIV	
-	0	IVDCCXCIX	
-	0	IVDCCXCV	
-	0	IVDCCXCVI	
-	0	IVDCCXCVII	
-	0	IVDCCXCVIII	
-	0	IVDCCXI	
-	0	IVDCCXII	
-	0	IVDCCXIII	
-	0	IVDCCXIV	
-	0	IVDCCXIX	
-	0	IVDCCXL	
-	0	IVDCCXLI	
-	0	IVDCCXLII	
-	0	IVDCCXLIII	
-	0	IVDCCXLIV	
-	0	IVDCCXLIX	
-	0	IVDCCXLV	
-	0	IVDCCXLVI	
-	0	IVDCCXLVII	
-	0	IVDCCXLVIII	
-	0	IVDCCXV	
-	0	IVDCCXVI	
-	0	IVDCCXVII	
-	0	IVDCCXVIII	
-	0	IVDCCXX	
-	0	IVDCCXXI	
-	0	IVDCCXXII	
-	0	IVDCCXXIII	
-	0	IVDCCXXIV	
-	0	IVDCCXXIX	
-	0	IVDCCXXV	
-	0	IVDCCXXVI	
-	0	IVDCCXXVII	
-	0	IVDCCXXVIII	
-	0	IVDCCXXX	
-	0	IVDCCXXXI	
-	0	IVDCCXXXII	
-	0	IVDCCXXXIII	
-	0	IVDCCXXXIV	
-	0	IVDCCXXXIX	
-	0	IVDCCXXXV	
-	0	IVDCCXXXVI	
-	0	IVDCCXXXVII	
-	0	IVDCCXXXVIII	
-	0	IVDCI	
-	0	IVDCII	
-	0	IVDCIII	
-	0	IVDCIV	
-	0	IVDCIX	
-	0	IVDCL	
-	0	IVDCLI	
-	0	IVDCLII	
-	0	IVDCLIII	
-	0	IVDCLIV	
-	0	IVDCLIX	
-	0	IVDCLV	
-	0	IVDCLVI	
-	0	IVDCLVII	
-	0	IVDCLVIII	
-	0	IVDCLX	
-	0	IVDCLXI	
-	0	IVDCLXII	
-	0	IVDCLXIII	
-	0	IVDCLXIV	
-	0	IVDCLXIX	
-	0	IVDCLXV	
-	0	IVDCLXVI	
-	0	IVDCLXVII	
-	0	IVDCLXVIII	
-	0	IVDCLXX	
-	0	IVDCLXXI	
-	0	IVDCLXXII	
-	0	IVDCLXXIII	
-	0	IVDCLXXIV	
-	0	IVDCLXXIX	
-	0	IVDCLXXV	
-	0	IVDCLXXVI	
-	0	IVDCLXXVII	
-	0	IVDCLXXVIII	
-	0	IVDCLXXX	
-	0	IVDCLXXXI	
-	0	IVDCLXXXII	
-	0	IVDCLXXXIII	
-	0	IVDCLXXXIV	
-	0	IVDCLXXXIX	
-	0	IVDCLXXXV	
-	0	IVDCLXXXVI	
-	0	IVDCLXXXVII	
-	0	IVDCLXXXVIII	
-	0	IVDCV	
-	0	IVDCVI	
-	0	IVDCVII	
-	0	IVDCVIII	
-	0	IVDCX	
-	0	IVDCXC	
-	0	IVDCXCI	
-	0	IVDCXCII	
-	0	IVDCXCIII	
-	0	IVDCXCIV	
-	0	IVDCXCIX	
-	0	IVDCXCV	
-	0	IVDCXCVI	
-	0	IVDCXCVII	
-	0	IVDCXCVIII	
-	0	IVDCXI	
-	0	IVDCXII	
-	0	IVDCXIII	
-	0	IVDCXIV	
-	0	IVDCXIX	
-	0	IVDCXL	
-	0	IVDCXLI	
-	0	IVDCXLII	
-	0	IVDCXLIII	
-	0	IVDCXLIV	
-	0	IVDCXLIX	
-	0	IVDCXLV	
-	0	IVDCXLVI	
-	0	IVDCXLVII	
-	0	IVDCXLVIII	
-	0	IVDCXV	
-	0	IVDCXVI	
-	0	IVDCXVII	
-	0	IVDCXVIII	
-	0	IVDCXX	
-	0	IVDCXXI	
-	0	IVDCXXII	
-	0	IVDCXXIII	
-	0	IVDCXXIV	
-	0	IVDCXXIX	
-	0	IVDCXXV	
-	0	IVDCXXVI	
-	0	IVDCXXVII	
-	0	IVDCXXVIII	
-	0	IVDCXXX	
-	0	IVDCXXXI	
-	0	IVDCXXXII	
-	0	IVDCXXXIII	
-	0	IVDCXXXIV	
-	0	IVDCXXXIX	
-	0	IVDCXXXV	
-	0	IVDCXXXVI	
-	0	IVDCXXXVII	
-	0	IVDCXXXVIII	
-	0	IVDI	
-	0	IVDII	
-	0	IVDIII	
-	0	IVDIV	
-	0	IVDIX	
-	0	IVDL	
-	0	IVDLI	
-	0	IVDLII	
-	0	IVDLIII	
-	0	IVDLIV	
-	0	IVDLIX	
-	0	IVDLV	
-	0	IVDLVI	
-	0	IVDLVII	
-	0	IVDLVIII	
-	0	IVDLX	
-	0	IVDLXI	
-	0	IVDLXII	
-	0	IVDLXIII	
-	0	IVDLXIV	
-	0	IVDLXIX	
-	0	IVDLXV	
-	0	IVDLXVI	
-	0	IVDLXVII	
-	0	IVDLXVIII	
-	0	IVDLXX	
-	0	IVDLXXI	
-	0	IVDLXXII	
-	0	IVDLXXIII	
-	0	IVDLXXIV	
-	0	IVDLXXIX	
-	0	IVDLXXV	
-	0	IVDLXXVI	
-	0	IVDLXXVII	
-	0	IVDLXXVIII	
-	0	IVDLXXX	
-	0	IVDLXXXI	
-	0	IVDLXXXII	
-	0	IVDLXXXIII	
-	0	IVDLXXXIV	
-	0	IVDLXXXIX	
-	0	IVDLXXXV	
-	0	IVDLXXXVI	
-	0	IVDLXXXVII	
-	0	IVDLXXXVIII	
-	0	IVDV	
-	0	IVDVI	
-	0	IVDVII	
-	0	IVDVIII	
-	0	IVDX	
-	0	IVDXC	
-	0	IVDXCI	
-	0	IVDXCII	
-	0	IVDXCIII	
-	0	IVDXCIV	
-	0	IVDXCIX	
-	0	IVDXCV	
-	0	IVDXCVI	
-	0	IVDXCVII	
-	0	IVDXCVIII	
-	0	IVDXI	
-	0	IVDXII	
-	0	IVDXIII	
-	0	IVDXIV	
-	0	IVDXIX	
-	0	IVDXL	
-	0	IVDXLI	
-	0	IVDXLII	
-	0	IVDXLIII	
-	0	IVDXLIV	
-	0	IVDXLIX	
-	0	IVDXLV	
-	0	IVDXLVI	
-	0	IVDXLVII	
-	0	IVDXLVIII	
-	0	IVDXV	
-	0	IVDXVI	
-	0	IVDXVII	
-	0	IVDXVIII	
-	0	IVDXX	
-	0	IVDXXI	
-	0	IVDXXII	
-	0	IVDXXIII	
-	0	IVDXXIV	
-	0	IVDXXIX	
-	0	IVDXXV	
-	0	IVDXXVI	
-	0	IVDXXVII	
-	0	IVDXXVIII	
-	0	IVDXXX	
-	0	IVDXXXI	
-	0	IVDXXXII	
-	0	IVDXXXIII	
-	0	IVDXXXIV	
-	0	IVDXXXIX	
-	0	IVDXXXV	
-	0	IVDXXXVI	
-	0	IVDXXXVII	
-	0	IVDXXXVIII	
-	0	IVI	
-	0	IVII	
-	0	IVIII	
-	0	IVIV	
-	0	IVIX	
-	0	IVL	
-	0	IVLI	
-	0	IVLII	
-	0	IVLIII	
-	0	IVLIV	
-	0	IVLIX	
-	0	IVLV	
-	0	IVLVI	
-	0	IVLVII	
-	0	IVLVIII	
-	0	IVLX	
-	0	IVLXI	
-	0	IVLXII	
-	0	IVLXIII	
-	0	IVLXIV	
-	0	IVLXIX	
-	0	IVLXV	
-	0	IVLXVI	
-	0	IVLXVII	
-	0	IVLXVIII	
-	0	IVLXX	
-	0	IVLXXI	
-	0	IVLXXII	
-	0	IVLXXIII	
-	0	IVLXXIV	
-	0	IVLXXIX	
-	0	IVLXXV	
-	0	IVLXXVI	
-	0	IVLXXVII	
-	0	IVLXXVIII	
-	0	IVLXXX	
-	0	IVLXXXI	
-	0	IVLXXXII	
-	0	IVLXXXIII	
-	0	IVLXXXIV	
-	0	IVLXXXIX	
-	0	IVLXXXV	
-	0	IVLXXXVI	
-	0	IVLXXXVII	
-	0	IVLXXXVIII	
-	0	IVV	
-	0	IVVI	
-	0	IVVII	
-	0	IVVIII	
-	0	IVX	
-	0	IVXC	
-	0	IVXCI	
-	0	IVXCII	
-	0	IVXCIII	
-	0	IVXCIV	
-	0	IVXCIX	
-	0	IVXCV	
-	0	IVXCVI	
-	0	IVXCVII	
-	0	IVXCVIII	
-	0	IVXI	
-	0	IVXII	
-	0	IVXIII	
-	0	IVXIV	
-	0	IVXIX	
-	0	IVXL	
-	0	IVXLI	
-	0	IVXLII	
-	0	IVXLIII	
-	0	IVXLIV	
-	0	IVXLIX	
-	0	IVXLV	
-	0	IVXLVI	
-	0	IVXLVII	
-	0	IVXLVIII	
-	0	IVXV	
-	0	IVXVI	
-	0	IVXVII	
-	0	IVXVIII	
-	0	IVXX	
-	0	IVXXI	
-	0	IVXXII	
-	0	IVXXIII	
-	0	IVXXIV	
-	0	IVXXIX	
-	0	IVXXV	
-	0	IVXXVI	
-	0	IVXXVII	
-	0	IVXXVIII	
-	0	IVXXX	
-	0	IVXXXI	
-	0	IVXXXII	
-	0	IVXXXIII	
-	0	IVXXXIV	
-	0	IVXXXIX	
-	0	IVXXXV	
-	0	IVXXXVI	
-	0	IVXXXVII	
-	0	IVXXXVIII	
-	0	kommers	Kommers
-	0	neerlopen	
-	0	Nuenen, Gerwen en Nederwetten	
-	0	onspannend	ontspannend
-	0	oppermatig	oppermachtig
-	0	passporten	paspoorten
-	0	seelachs	koolvis
-	0	vijfliter	
-	0	waterkeren	water keren
-	0	win-win	
-	2	verbaden	verboden
-	2	verbad	verfbad;verband
-	2	verbid	
-	2	verbidden	
-	2	verbidt	
-	3	arre	
-	3	waardelen	
B	0	aantelling	aanstelling
B	0	CD	cd
B	0	CL	cl
B	0	CM	cm
B	0	CV	cv
B	0	daggen	dagen
B	0	DC	dc
B	0	deen	Deen
B	0	éénduidige	eenduidige
B	0	éénheid	eenheid
B	0	éénheidsworst	eenheidsworst
B	0	éénjarige	eenjarige
B	0	éénjarig	eenjarig
B	0	Eénmaal	Eenmaal
B	0	éénmaal	eenmaal
B	0	éénmalige	eenmalige
B	0	éénmalig	eenmalig
B	0	éénoudergezinnen	eenoudergezinnen
B	0	éénrichtingsverkeer	eenrichtingsverkeer
B	0	ééntalige	eentalige
B	0	ééntalig	eentalig
B	0	ééntje	eentje
B	0	éénzijdige	eenzijdige
B	0	éénzijdig	eenzijdig
B	0	gebeiden	gebieden
B	0	gijnen	geinen
B	0	hoofddorp	Hoofddorp
B	0	humanitas	Humanitas
B	0	ijslander	IJslander
B	0	Indie	Indië
B	0	Julie	jullie
B	0	ML	ml
B	0	MM	mm
B	0	muite	muitte
B	0	oorlogsgravenstichting	Oorlogsgravenstichting
B	0	P.S. Karsodomedjostraat	
B	0	safe sex	veilige seks
B	0	sext	sekst
B	0	si	is
B	0	veiligheidsraad	Veiligheidsraad
B	0	xerox	Xerox
B	0	zodiac	zodiak
B	1	ongelden	ontgelden
B	3	brodden	broden
D	0	diene	dienen
D	0	romeinse	romeinse kaars;Romeinse
F	0	aangemoeten	
F	0	aanmoest	
F	0	aanspring	aansporing
F	0	afgezand	afgezant
F	0	afgezande	
F	0	afreedt	aftreedt
F	0	afrijs	afreis
F	0	afrijst	afreist
F	0	afterpillen	morning-afterpillen
F	0	afzegen	
F	0	arde	
F	0	artes	
F	0	beidde	beide
F	0	belgen	Belgen
F	0	beried	bereid
F	0	berieden	bereiden
F	0	blouw	
F	0	bossages	
F	0	celen	cellen
F	0	dab	
F	0	dallen	dalen
F	0	dankzei	dankzij
F	0	doelpuntten	doelpunten
F	0	doomde	droomde
F	0	doomden	droomden
F	0	doomt	droomt
F	0	driekleuren	
F	0	eenwinters	een winters
F	0	enigste	
F	0	erlangden	verlangden
F	0	erlangde	verlangde
F	0	erlangd	verlangd
F	0	erlangt	verlangt
F	0	erlang	verlang
F	0	feiltje	vijltje
F	0	fitnes	goedkoopste
F	0	gedoomd	gedroomd
F	0	geertje	
F	0	geertjes	Geertjes
F	0	gehak	gehakt
F	0	gekrengd	
F	0	gemeeld	gemaild
F	0	gevaat	gevaar
F	0	gijlen	geilen
F	0	gijns	
F	0	handde	
F	0	heeften	heeft en
F	0	hemde	hem de
F	0	hool	
F	0	jon	jong
F	0	jont	joint
F	0	kramt	kraamt
F	0	laats	laatst
F	0	landschapschilderijen	landschapsschilderijen
F	0	lijkte	leek
F	0	lijkten	leken
F	0	lost generations	
F	0	makt	maakt
F	0	marcje	
F	0	marctje	
F	0	mar	maar
F	0	mart	markt
F	0	meelde	mailde
F	0	meelden	mailden
F	0	meelt	mailt
F	0	meniet	
F	0	mines	
F	0	nebben	hebben
F	0	plats du jour	
F	0	prielen	priëlen
F	0	puisjes	puistjes
F	0	redens	redenen
F	0	reedt	reed
F	0	rop	
F	0	ruitten	ruiten
F	0	seis	zeis
F	0	senten	centen
F	0	sexten	seksten
F	0	stege	
F	0	steurden	stuurden
F	0	steurde	stuurde
F	0	steurt	stuurt
F	0	tourbussen	
F	0	uitreedt	
F	0	verassende	verrassende
F	0	verassend	verrassend
F	0	verassingen	verrassingen
F	0	verasten	verrasten
F	0	veraste	verraste
F	0	verast	verrast
F	0	veras	verras
F	0	vergenoeg	ver genoeg
F	0	verheden	
F	0	vermeiden	
F	0	verreist	vereist
F	0	verstanden	
F	0	wordprocessors	tekstverwerkers
F	0	zeide	zijde
F	0	zijlen	
F	2	weden	werden
F	2	zoude	
F	3	brodde	broden
H	0	Pinkster	pinkster
K	0	aangetogen	
K	0	aangraven	
K	0	aankappen	
K	0	aanlaat	
K	0	aanmoeten	aan moeten
K	0	aantellen	
K	0	aanvaart	aanvaardt
K	0	aanwezend	
K	0	achterhoek	Achterhoek
K	0	afdieven	
K	0	afpelen	
K	0	afragen	afvragen
K	0	afrijzen	afreizen
K	0	afschitteren	
K	0	afsluitdijk	Afsluitdijk
K	0	afterpil	morning-afterpil
K	0	afwezende	
K	0	agiotage	
K	0	alevel	
K	0	altemaal	
K	0	analecta	
K	0	anemiek	Annemiek
K	0	ank	ankh
K	0	antiretour	
K	0	ariaans	Ariaans
K	0	arnhemmer	Arnhemmer
K	0	ars	
K	0	baaivangen	
K	0	bantam	
K	0	barnen	
K	0	bedieden	
K	0	bei	bij
K	0	beis	bies
K	0	belastingsdruk	belastingdruk
K	0	belen	Belen
K	0	belg	Belg
K	0	berderen	
K	0	bijwezen	
K	0	blokland	Blokland
K	0	blouwel	
K	0	blouwen	
K	0	boegseren	
K	0	boekweitegort	
K	0	bohr	Bohr
K	0	bols	Bols
K	0	bondswege	
K	0	boterhoek	Boterhoek
K	0	braspenning	Braspenning
K	0	breeks	
K	0	briet	
K	0	brod	
K	0	butoor	
K	0	cachetteren	
K	0	chambree	
K	0	chaud	
K	0	concordia	
K	0	dagvaart	dagvaardt
K	0	diepdenkend	
K	0	domen	dromen
K	0	driepunten	
K	0	driestar	
K	0	dry	
K	0	dwarsdrijven	
K	0	eenwinter	een winter
K	0	eigengeërfde	
K	0	eikaars	elkaars
K	0	eilaci	
K	0	eins	
K	0	engels	Engels
K	0	erlangen	verlangen
K	0	ette	
K	0	exequiën	
K	0	fijten	feiten;Fijten
K	0	fijt	feit
K	0	fronselen	
K	0	gebbe	
K	0	gehorend	
K	0	geien	gezien
K	0	gekrookt	
K	0	geleen	Geleen;geleend
K	0	gelt	
K	0	gent	Gent
K	0	getrost	
K	0	gijl	geil
K	0	gijn	gein
K	0	goedkoopte	goedkoopste
K	0	goedverkochte	
K	0	gortzak	Gortzak
K	0	grijnen	
K	0	groede	
K	0	groes	Groes
K	0	guimpe	
K	0	haagt	
K	0	haf	half
K	0	handelswijze	handelwijze
K	0	handelswijzen	handelwijze
K	0	harentwille	
K	0	harpuizen	
K	0	hatsiekadee	
K	0	heef	heeft
K	0	heenvoeren	
K	0	he	hè
K	0	helmgat	Helmgat
K	0	hemmetje	
K	0	hoevenaar	
K	0	hondenblik	
K	0	hui	huis
K	0	ijslanders	IJslanders
K	0	inkomstenbelastingstarief	inkomstenbelastingtarief
K	0	inwippen	
K	0	jein	je in
K	0	joggelen	
K	0	jumelles	
K	0	kaasjager	Kaasjager
K	0	kamermeubelen	
K	0	kamperveen	Kamperveen
K	0	kandidaatsstelling	kandidaatstelling
K	0	keesje	
K	0	keistad	Keistad
K	0	kennismakingsadvertentie	
K	0	kielman	Kielman
K	0	kinematografie	
K	0	klakkebus	
K	0	kno	kon
K	0	koeteren	
K	0	kollenbloem	
K	0	krates	
K	0	kussenstoel	
K	0	kwatsen	
K	0	labber	
K	0	labberen	
K	0	laetare	
K	0	landschapschilderij	landschapsschilderij
K	0	landschapschilder	landschapsschilder
K	0	lebbe	
K	0	m.	
K	0	maagdeken	
K	0	marc	Marc
K	0	medegaan	
K	0	medeslepen	
K	0	meerkeuze	
K	0	mensenzoon	Mensenzoon
K	0	mijnentwil	
K	0	mijnentwille	
K	0	minderman	Minderman
K	0	moederkindje	
K	0	moederkindjes	
K	0	moeken	
K	0	moespot	Moespot
K	0	mokkelen	
K	0	moltonnen	
K	0	moreen	
K	0	morgengrauwen	
K	0	motorrennen	
K	0	nebbe	
K	0	neb	heb
K	0	ngo	nog
K	0	nieuwmelkt	
K	0	nijper	
K	0	oed	
K	0	oldenburger	Oldenburger
K	0	omkaden	
K	0	omspoken	
K	0	onderom	
K	0	ongevallig	
K	0	onwetens	
K	0	onzentwil	
K	0	ootjes	
K	0	openlucht	
K	0	opponens	
K	0	overdiep	Overdiep
K	0	papsoort	paspoort
K	0	peg	pech
K	0	penningske	penninkje
K	0	pereat	
K	0	pleten	
K	0	potgieter	Potgieter
K	0	privatim	
K	0	puisje	puistje
K	0	rabatteren	
K	0	rechtgeleide	
K	0	rechtopgezet	
K	0	reins	Reins
K	0	renen	
K	0	reng	
K	0	ressource	
K	0	rijn	Rijn
K	0	romein	Romein
K	0	ruising	
K	0	sa	
K	0	schaard	
K	0	schildwachthuisje	
K	0	schoenhoorn	
K	0	schorland	Schotland
K	0	sent	zend
K	0	sjiek	chic
K	0	slechtje	
K	0	smartenkind	
K	0	smeerling	Smeerling
K	0	sneeps	Sneeps
K	0	staartpagina	
K	0	statenverkiezingen	Statenverkiezingen
K	0	stede	steden
K	0	steeman	Steeman
K	0	struiven	
K	0	st	St.
K	0	stukgaand	
K	0	tezen	
K	0	theeblaren	
K	0	thuisliggen	
K	0	toetellen	
K	0	toiletmaken	
K	0	toongevend	toonaangevend
K	0	treek	
K	0	trijntjes	
K	0	truidrager	
K	0	uitbroeien	
K	0	uitgetogen	
K	0	uitliteren	
K	0	uitzijgen	
K	0	usantiën	
K	0	ut	't
K	0	uwentwille	
K	0	vents	
K	0	verassen	verrassen
K	0	verassing	verrassing
K	0	verg.	
K	0	verlieft	
K	0	vermijdelijke	
K	0	verrel	
K	0	verwegen	
K	0	verwelf	
K	0	verwilligen	Verwilligen
K	0	vestigingsstad	vestingstad
K	0	vim	Vim
K	0	vodde	
K	0	voeteren	
K	0	voois	melodie;zangstem;Voois
K	0	voordewind	
K	0	vrijlot	
K	0	vrijman	Vrijman
K	0	wamen	
K	0	wanner	wanneer
K	0	waterberg	Waterberg
K	0	wederopzeggens	
K	0	wedervinden	
K	0	weit	wijt
K	0	welbewerkt	
K	0	wereldlanden	derdewereldlanden
K	0	wordprocessor	tekstverwerker
K	0	wort	wordt
K	0	zeeland	Zeeland
K	0	zeezot	zeezout
K	0	zijl	zeil
K	0	zijnentwil	
K	0	zijnentwille	
K	0	zoopje	
K	0	zoor	
K	0	zwartdag	
K	1	altoosdurend	
K	2	gebeid	gebied
K	2	wede	
K	2	zaan	Zaan
K	3	wui	
X	0	anemieke	Annemieke;Anemieke
X	0	docentencorps	docentenkorps
X	0	één-op-één	een-op-een
X	0	harmelen	Harmelen
X	0	kokschool	koksschool
X	0	konijnenburg	Konijnenburg
X	0	lidteken	litteken
X	0	lidtekens	littekens
X	0	murks	Murks
X	0	mw	mw.;mW
X	0	nie	niet
X	0	peterman	pieterman;Peterman
X	0	pors	Pors
X	0	roodbeen	Roodbeen
X	0	roodbol	Roodbol
X	0	vierliter	vierlitermotor
X	3	heila	Heila
X	3	momt	komt
