aangemoeten	
aangetogen	
aangraven	
aankappen	
aanlaat	aan laat
aanlaten	aan laten
aanmoest	
aanmoeten	aan moeten
aanspring	aansporing
aantellen	
aantelling	aanstelling
aanvaart	aanvaardt
aanwezend	
achterhoek	Achterhoek
Aerle-Rixtel	Aarle-Rixtel
afbladerde	afbladderde
afdieven	
afgezand	afgezant
afgezande	
afpelen	
afraag	afvraag
afragen	afvragen
afreedt	aftreedt
afrijs	afreis
afrijst	afreist
afrijzen	afreizen
afschitteren	
afsluitdijk	Afsluitdijk
afterpillen	morning-afterpillen
afterpil	morning-afterpil
aftred	aftreed
afwezende	
afzegen	
agiotage	
alevel	
altemaal	
altoosdurend	
analecta	
anemiek	Annemiek
anemieke	Annemieke;Anemieke
ank	ankh
antiretour	
arde	
ariaans	Ariaans
arnhemmer	Arnhemmer
arre	
ars	
artes	
baaivangen	
bantam	
barnen	
bedieden	
bei	bij
beidde	beide
beis	bies
belastingsdruk	belastingdruk
belen	Belen
belg	Belg
belgen	Belgen
benthuizen	Benthuizen
berderen	
beried	bereid
berieden	bereiden
bestellende	bestellen de
bijwezen	
blokland	Blokland
blouw	
blouwel	
blouwen	
boegseren	
boekweitegort	
bohr	Bohr
bols	Bols
bondswege	
bossages	bosschages
boterhoek	Boterhoek
bovenveen	Bovenveen
braspenning	Braspenning
breeks	
briet	
brod	
brodde	broden
brodden	broden
butoor	
cachetteren	
CD	cd
ceintuurbaan	Ceintuurbaan
celen	cellen
chambree	
chaud	
CL	cl
CM	cm
concordia	Concordia
CV	cv
dab	
daggen	dagen
dagvaart	dagvaardt
dallen	dalen
dankzei	dankzij
DC	dc
deen	Deen
diene	dienen
diepdenkend	
docentencorps	docentenkorps
doelpuntten	doelpunten
domen	dromen
doomde	droomde
doomden	droomden
doomt	droomt
Drenthen	Drenten
driekleuren	
driepunten	
driestar	
dry	
dwarsdrijven	
éénduidige	eenduidige
éénheid	eenheid
éénheidsworst	eenheidsworst
éénjarige	eenjarige;1-jarige
éénjarig	eenjarig;1-jarig
Eénmaal	Eenmaal
éénmaal	eenmaal
éénmalige	eenmalige
éénmalig	eenmalig
één-op-één	een-op-een
éénoudergezinnen	eenoudergezinnen
éénrichtingsverkeer	eenrichtingsverkeer
ééntalige	eentalige
ééntalig	eentalig
ééntje	eentje
eenwinter	een winter
eenwinters	een winters
éénzijdige	eenzijdige
éénzijdig	eenzijdig
eigengeërfde	
eikaars	elkaars
eilaci	
eins	
engels	Engels
enigste	
erlangden	verlangden
erlangde	verlangde
erlangd	verlangd
erlangen	verlangen
erlangt	verlangt
erlang	verlang
ette	
exequiën	
feiltje	vijltje
fijten	feiten;Fijten
fijt	feit
fitnes	goedkoopste
franse	Franse
fronselen	
gebbe	
gebeiden	gebieden
gebeid	gebied
gebruikstelling	ingebruikstelling
gedoomd	gedroomd
geertje	
geertjes	Geertjes
gehak	gehakt
gehorend	
geien	gezien
gekrengd	
gekrookt	
geleen	Geleen;geleend
gelt	
gemeeld	gemaild
gent	Gent
getrost	
gevaat	gevaar
gijlen	geilen
gijl	geil
gijnen	geinen
gijn	gein
gijns	
goedkoopte	goedkoopste
goedverkochte	
gortzak	Gortzak
grijnen	
groede	
groes	Groes
guimpe	
haagt	
haf	half
handde	
handelswijze	handelwijze
handelswijzen	handelwijze
handenschudden	handen schudden
harentwille	
harmelen	Harmelen
harpuizen	
hatsiekadee	
heef	heeft
heeften	heeft en
heenvoeren	
he	hè
heila	
helmgat	Helmgat
hemde	hem de
hemmetje	
hergroepeerd	gehergroepeerd
hitler	
hitlers	
hoevenaar	
hondenblik	
hoofddorp	Hoofddorp
hool	
hordde	hoorde
hord	horde
hordt	hoort
hui	huis
humanitas	Humanitas
ijslander	IJslander
ijslanders	IJslanders
Indie	Indië
inkomstenbelastingstarief	inkomstenbelastingtarief
inlap	erin lap
inwippen	
IVC	
IVCC	
IVCCC	
IVCCCI	
IVCCCII	
IVCCCIII	
IVCCCIV	
IVCCCIX	
IVCCCL	
IVCCCLI	
IVCCCLII	
IVCCCLIII	
IVCCCLIV	
IVCCCLIX	
IVCCCLV	
IVCCCLVI	
IVCCCLVII	
IVCCCLVIII	
IVCCCLX	
IVCCCLXI	
IVCCCLXII	
IVCCCLXIII	
IVCCCLXIV	
IVCCCLXIX	
IVCCCLXV	
IVCCCLXVI	
IVCCCLXVII	
IVCCCLXVIII	
IVCCCLXX	
IVCCCLXXI	
IVCCCLXXII	
IVCCCLXXIII	
IVCCCLXXIV	
IVCCCLXXIX	
IVCCCLXXV	
IVCCCLXXVI	
IVCCCLXXVII	
IVCCCLXXVIII	
IVCCCLXXX	
IVCCCLXXXI	
IVCCCLXXXII	
IVCCCLXXXIII	
IVCCCLXXXIV	
IVCCCLXXXIX	
IVCCCLXXXV	
IVCCCLXXXVI	
IVCCCLXXXVII	
IVCCCLXXXVIII	
IVCCCV	
IVCCCVI	
IVCCCVII	
IVCCCVIII	
IVCCCX	
IVCCCXC	
IVCCCXCI	
IVCCCXCII	
IVCCCXCIII	
IVCCCXCIV	
IVCCCXCIX	
IVCCCXCV	
IVCCCXCVI	
IVCCCXCVII	
IVCCCXCVIII	
IVCCCXI	
IVCCCXII	
IVCCCXIII	
IVCCCXIV	
IVCCCXIX	
IVCCCXL	
IVCCCXLI	
IVCCCXLII	
IVCCCXLIII	
IVCCCXLIV	
IVCCCXLIX	
IVCCCXLV	
IVCCCXLVI	
IVCCCXLVII	
IVCCCXLVIII	
IVCCCXV	
IVCCCXVI	
IVCCCXVII	
IVCCCXVIII	
IVCCCXX	
IVCCCXXI	
IVCCCXXII	
IVCCCXXIII	
IVCCCXXIV	
IVCCCXXIX	
IVCCCXXV	
IVCCCXXVI	
IVCCCXXVII	
IVCCCXXVIII	
IVCCCXXX	
IVCCCXXXI	
IVCCCXXXII	
IVCCCXXXIII	
IVCCCXXXIV	
IVCCCXXXIX	
IVCCCXXXV	
IVCCCXXXVI	
IVCCCXXXVII	
IVCCCXXXVIII	
IVCCI	
IVCCII	
IVCCIII	
IVCCIV	
IVCCIX	
IVCCL	
IVCCLI	
IVCCLII	
IVCCLIII	
IVCCLIV	
IVCCLIX	
IVCCLV	
IVCCLVI	
IVCCLVII	
IVCCLVIII	
IVCCLX	
IVCCLXI	
IVCCLXII	
IVCCLXIII	
IVCCLXIV	
IVCCLXIX	
IVCCLXV	
IVCCLXVI	
IVCCLXVII	
IVCCLXVIII	
IVCCLXX	
IVCCLXXI	
IVCCLXXII	
IVCCLXXIII	
IVCCLXXIV	
IVCCLXXIX	
IVCCLXXV	
IVCCLXXVI	
IVCCLXXVII	
IVCCLXXVIII	
IVCCLXXX	
IVCCLXXXI	
IVCCLXXXII	
IVCCLXXXIII	
IVCCLXXXIV	
IVCCLXXXIX	
IVCCLXXXV	
IVCCLXXXVI	
IVCCLXXXVII	
IVCCLXXXVIII	
IVCCV	
IVCCVI	
IVCCVII	
IVCCVIII	
IVCCX	
IVCCXC	
IVCCXCI	
IVCCXCII	
IVCCXCIII	
IVCCXCIV	
IVCCXCIX	
IVCCXCV	
IVCCXCVI	
IVCCXCVII	
IVCCXCVIII	
IVCCXI	
IVCCXII	
IVCCXIII	
IVCCXIV	
IVCCXIX	
IVCCXL	
IVCCXLI	
IVCCXLII	
IVCCXLIII	
IVCCXLIV	
IVCCXLIX	
IVCCXLV	
IVCCXLVI	
IVCCXLVII	
IVCCXLVIII	
IVCCXV	
IVCCXVI	
IVCCXVII	
IVCCXVIII	
IVCCXX	
IVCCXXI	
IVCCXXII	
IVCCXXIII	
IVCCXXIV	
IVCCXXIX	
IVCCXXV	
IVCCXXVI	
IVCCXXVII	
IVCCXXVIII	
IVCCXXX	
IVCCXXXI	
IVCCXXXII	
IVCCXXXIII	
IVCCXXXIV	
IVCCXXXIX	
IVCCXXXV	
IVCCXXXVI	
IVCCXXXVII	
IVCCXXXVIII	
IVCD	
IVCDI	
IVCDII	
IVCDIII	
IVCDIV	
IVCDIX	
IVCDL	
IVCDLI	
IVCDLII	
IVCDLIII	
IVCDLIV	
IVCDLIX	
IVCDLV	
IVCDLVI	
IVCDLVII	
IVCDLVIII	
IVCDLX	
IVCDLXI	
IVCDLXII	
IVCDLXIII	
IVCDLXIV	
IVCDLXIX	
IVCDLXV	
IVCDLXVI	
IVCDLXVII	
IVCDLXVIII	
IVCDLXX	
IVCDLXXI	
IVCDLXXII	
IVCDLXXIII	
IVCDLXXIV	
IVCDLXXIX	
IVCDLXXV	
IVCDLXXVI	
IVCDLXXVII	
IVCDLXXVIII	
IVCDLXXX	
IVCDLXXXI	
IVCDLXXXII	
IVCDLXXXIII	
IVCDLXXXIV	
IVCDLXXXIX	
IVCDLXXXV	
IVCDLXXXVI	
IVCDLXXXVII	
IVCDLXXXVIII	
IVCDV	
IVCDVI	
IVCDVII	
IVCDVIII	
IVCDX	
IVCDXC	
IVCDXCI	
IVCDXCII	
IVCDXCIII	
IVCDXCIV	
IVCDXCIX	
IVCDXCV	
IVCDXCVI	
IVCDXCVII	
IVCDXCVIII	
IVCDXI	
IVCDXII	
IVCDXIII	
IVCDXIV	
IVCDXIX	
IVCDXL	
IVCDXLI	
IVCDXLII	
IVCDXLIII	
IVCDXLIV	
IVCDXLIX	
IVCDXLV	
IVCDXLVI	
IVCDXLVII	
IVCDXLVIII	
IVCDXV	
IVCDXVI	
IVCDXVII	
IVCDXVIII	
IVCDXX	
IVCDXXI	
IVCDXXII	
IVCDXXIII	
IVCDXXIV	
IVCDXXIX	
IVCDXXV	
IVCDXXVI	
IVCDXXVII	
IVCDXXVIII	
IVCDXXX	
IVCDXXXI	
IVCDXXXII	
IVCDXXXIII	
IVCDXXXIV	
IVCDXXXIX	
IVCDXXXV	
IVCDXXXVI	
IVCDXXXVII	
IVCDXXXVIII	
IVCI	
IVCII	
IVCIII	
IVCIV	
IVCIX	
IVCL	
IVCLI	
IVCLII	
IVCLIII	
IVCLIV	
IVCLIX	
IVCLV	
IVCLVI	
IVCLVII	
IVCLVIII	
IVCLX	
IVCLXI	
IVCLXII	
IVCLXIII	
IVCLXIV	
IVCLXIX	
IVCLXV	
IVCLXVI	
IVCLXVII	
IVCLXVIII	
IVCLXX	
IVCLXXI	
IVCLXXII	
IVCLXXIII	
IVCLXXIV	
IVCLXXIX	
IVCLXXV	
IVCLXXVI	
IVCLXXVII	
IVCLXXVIII	
IVCLXXX	
IVCLXXXI	
IVCLXXXII	
IVCLXXXIII	
IVCLXXXIV	
IVCLXXXIX	
IVCLXXXV	
IVCLXXXVI	
IVCLXXXVII	
IVCLXXXVIII	
IVCM	
IVCMI	
IVCMII	
IVCMIII	
IVCMIV	
IVCMIX	
IVCML	
IVCMLI	
IVCMLII	
IVCMLIII	
IVCMLIV	
IVCMLIX	
IVCMLV	
IVCMLVI	
IVCMLVII	
IVCMLVIII	
IVCMLX	
IVCMLXI	
IVCMLXII	
IVCMLXIII	
IVCMLXIV	
IVCMLXIX	
IVCMLXV	
IVCMLXVI	
IVCMLXVII	
IVCMLXVIII	
IVCMLXX	
IVCMLXXI	
IVCMLXXII	
IVCMLXXIII	
IVCMLXXIV	
IVCMLXXIX	
IVCMLXXV	
IVCMLXXVI	
IVCMLXXVII	
IVCMLXXVIII	
IVCMLXXX	
IVCMLXXXI	
IVCMLXXXII	
IVCMLXXXIII	
IVCMLXXXIV	
IVCMLXXXIX	
IVCMLXXXV	
IVCMLXXXVI	
IVCMLXXXVII	
IVCMLXXXVIII	
IVCMV	
IVCMVI	
IVCMVII	
IVCMVIII	
IVCMX	
IVCMXC	
IVCMXCI	
IVCMXCII	
IVCMXCIII	
IVCMXCIV	
IVCMXCIX	
IVCMXCV	
IVCMXCVI	
IVCMXCVII	
IVCMXCVIII	
IVCMXI	
IVCMXII	
IVCMXIII	
IVCMXIV	
IVCMXIX	
IVCMXL	
IVCMXLI	
IVCMXLII	
IVCMXLIII	
IVCMXLIV	
IVCMXLIX	
IVCMXLV	
IVCMXLVI	
IVCMXLVII	
IVCMXLVIII	
IVCMXV	
IVCMXVI	
IVCMXVII	
IVCMXVIII	
IVCMXX	
IVCMXXI	
IVCMXXII	
IVCMXXIII	
IVCMXXIV	
IVCMXXIX	
IVCMXXV	
IVCMXXVI	
IVCMXXVII	
IVCMXXVIII	
IVCMXXX	
IVCMXXXI	
IVCMXXXII	
IVCMXXXIII	
IVCMXXXIV	
IVCMXXXIX	
IVCMXXXV	
IVCMXXXVI	
IVCMXXXVII	
IVCMXXXVIII	
IVCV	
IVCVI	
IVCVII	
IVCVIII	
IVCX	
IVCXC	
IVCXCI	
IVCXCII	
IVCXCIII	
IVCXCIV	
IVCXCIX	
IVCXCV	
IVCXCVI	
IVCXCVII	
IVCXCVIII	
IVCXI	
IVCXII	
IVCXIII	
IVCXIV	
IVCXIX	
IVCXL	
IVCXLI	
IVCXLII	
IVCXLIII	
IVCXLIV	
IVCXLIX	
IVCXLV	
IVCXLVI	
IVCXLVII	
IVCXLVIII	
IVCXV	
IVCXVI	
IVCXVII	
IVCXVIII	
IVCXX	
IVCXXI	
IVCXXII	
IVCXXIII	
IVCXXIV	
IVCXXIX	
IVCXXV	
IVCXXVI	
IVCXXVII	
IVCXXVIII	
IVCXXX	
IVCXXXI	
IVCXXXII	
IVCXXXIII	
IVCXXXIV	
IVCXXXIX	
IVCXXXV	
IVCXXXVI	
IVCXXXVII	
IVCXXXVIII	
IVD	
IVDC	
IVDCC	
IVDCCC	
IVDCCCI	
IVDCCCII	
IVDCCCIII	
IVDCCCIV	
IVDCCCIX	
IVDCCCL	
IVDCCCLI	
IVDCCCLII	
IVDCCCLIII	
IVDCCCLIV	
IVDCCCLIX	
IVDCCCLV	
IVDCCCLVI	
IVDCCCLVII	
IVDCCCLVIII	
IVDCCCLX	
IVDCCCLXI	
IVDCCCLXII	
IVDCCCLXIII	
IVDCCCLXIV	
IVDCCCLXIX	
IVDCCCLXV	
IVDCCCLXVI	
IVDCCCLXVII	
IVDCCCLXVIII	
IVDCCCLXX	
IVDCCCLXXI	
IVDCCCLXXII	
IVDCCCLXXIII	
IVDCCCLXXIV	
IVDCCCLXXIX	
IVDCCCLXXV	
IVDCCCLXXVI	
IVDCCCLXXVII	
IVDCCCLXXVIII	
IVDCCCLXXX	
IVDCCCLXXXI	
IVDCCCLXXXII	
IVDCCCLXXXIII	
IVDCCCLXXXIV	
IVDCCCLXXXIX	
IVDCCCLXXXV	
IVDCCCLXXXVI	
IVDCCCLXXXVII	
IVDCCCLXXXVIII	
IVDCCCV	
IVDCCCVI	
IVDCCCVII	
IVDCCCVIII	
IVDCCCX	
IVDCCCXC	
IVDCCCXCI	
IVDCCCXCII	
IVDCCCXCIII	
IVDCCCXCIV	
IVDCCCXCIX	
IVDCCCXCV	
IVDCCCXCVI	
IVDCCCXCVII	
IVDCCCXCVIII	
IVDCCCXI	
IVDCCCXII	
IVDCCCXIII	
IVDCCCXIV	
IVDCCCXIX	
IVDCCCXL	
IVDCCCXLI	
IVDCCCXLII	
IVDCCCXLIII	
IVDCCCXLIV	
IVDCCCXLIX	
IVDCCCXLV	
IVDCCCXLVI	
IVDCCCXLVII	
IVDCCCXLVIII	
IVDCCCXV	
IVDCCCXVI	
IVDCCCXVII	
IVDCCCXVIII	
IVDCCCXX	
IVDCCCXXI	
IVDCCCXXII	
IVDCCCXXIII	
IVDCCCXXIV	
IVDCCCXXIX	
IVDCCCXXV	
IVDCCCXXVI	
IVDCCCXXVII	
IVDCCCXXVIII	
IVDCCCXXX	
IVDCCCXXXI	
IVDCCCXXXII	
IVDCCCXXXIII	
IVDCCCXXXIV	
IVDCCCXXXIX	
IVDCCCXXXV	
IVDCCCXXXVI	
IVDCCCXXXVII	
IVDCCCXXXVIII	
IVDCCI	
IVDCCII	
IVDCCIII	
IVDCCIV	
IVDCCIX	
IVDCCL	
IVDCCLI	
IVDCCLII	
IVDCCLIII	
IVDCCLIV	
IVDCCLIX	
IVDCCLV	
IVDCCLVI	
IVDCCLVII	
IVDCCLVIII	
IVDCCLX	
IVDCCLXI	
IVDCCLXII	
IVDCCLXIII	
IVDCCLXIV	
IVDCCLXIX	
IVDCCLXV	
IVDCCLXVI	
IVDCCLXVII	
IVDCCLXVIII	
IVDCCLXX	
IVDCCLXXI	
IVDCCLXXII	
IVDCCLXXIII	
IVDCCLXXIV	
IVDCCLXXIX	
IVDCCLXXV	
IVDCCLXXVI	
IVDCCLXXVII	
IVDCCLXXVIII	
IVDCCLXXX	
IVDCCLXXXI	
IVDCCLXXXII	
IVDCCLXXXIII	
IVDCCLXXXIV	
IVDCCLXXXIX	
IVDCCLXXXV	
IVDCCLXXXVI	
IVDCCLXXXVII	
IVDCCLXXXVIII	
IVDCCV	
IVDCCVI	
IVDCCVII	
IVDCCVIII	
IVDCCX	
IVDCCXC	
IVDCCXCI	
IVDCCXCII	
IVDCCXCIII	
IVDCCXCIV	
IVDCCXCIX	
IVDCCXCV	
IVDCCXCVI	
IVDCCXCVII	
IVDCCXCVIII	
IVDCCXI	
IVDCCXII	
IVDCCXIII	
IVDCCXIV	
IVDCCXIX	
IVDCCXL	
IVDCCXLI	
IVDCCXLII	
IVDCCXLIII	
IVDCCXLIV	
IVDCCXLIX	
IVDCCXLV	
IVDCCXLVI	
IVDCCXLVII	
IVDCCXLVIII	
IVDCCXV	
IVDCCXVI	
IVDCCXVII	
IVDCCXVIII	
IVDCCXX	
IVDCCXXI	
IVDCCXXII	
IVDCCXXIII	
IVDCCXXIV	
IVDCCXXIX	
IVDCCXXV	
IVDCCXXVI	
IVDCCXXVII	
IVDCCXXVIII	
IVDCCXXX	
IVDCCXXXI	
IVDCCXXXII	
IVDCCXXXIII	
IVDCCXXXIV	
IVDCCXXXIX	
IVDCCXXXV	
IVDCCXXXVI	
IVDCCXXXVII	
IVDCCXXXVIII	
IVDCI	
IVDCII	
IVDCIII	
IVDCIV	
IVDCIX	
IVDCL	
IVDCLI	
IVDCLII	
IVDCLIII	
IVDCLIV	
IVDCLIX	
IVDCLV	
IVDCLVI	
IVDCLVII	
IVDCLVIII	
IVDCLX	
IVDCLXI	
IVDCLXII	
IVDCLXIII	
IVDCLXIV	
IVDCLXIX	
IVDCLXV	
IVDCLXVI	
IVDCLXVII	
IVDCLXVIII	
IVDCLXX	
IVDCLXXI	
IVDCLXXII	
IVDCLXXIII	
IVDCLXXIV	
IVDCLXXIX	
IVDCLXXV	
IVDCLXXVI	
IVDCLXXVII	
IVDCLXXVIII	
IVDCLXXX	
IVDCLXXXI	
IVDCLXXXII	
IVDCLXXXIII	
IVDCLXXXIV	
IVDCLXXXIX	
IVDCLXXXV	
IVDCLXXXVI	
IVDCLXXXVII	
IVDCLXXXVIII	
IVDCV	
IVDCVI	
IVDCVII	
IVDCVIII	
IVDCX	
IVDCXC	
IVDCXCI	
IVDCXCII	
IVDCXCIII	
IVDCXCIV	
IVDCXCIX	
IVDCXCV	
IVDCXCVI	
IVDCXCVII	
IVDCXCVIII	
IVDCXI	
IVDCXII	
IVDCXIII	
IVDCXIV	
IVDCXIX	
IVDCXL	
IVDCXLI	
IVDCXLII	
IVDCXLIII	
IVDCXLIV	
IVDCXLIX	
IVDCXLV	
IVDCXLVI	
IVDCXLVII	
IVDCXLVIII	
IVDCXV	
IVDCXVI	
IVDCXVII	
IVDCXVIII	
IVDCXX	
IVDCXXI	
IVDCXXII	
IVDCXXIII	
IVDCXXIV	
IVDCXXIX	
IVDCXXV	
IVDCXXVI	
IVDCXXVII	
IVDCXXVIII	
IVDCXXX	
IVDCXXXI	
IVDCXXXII	
IVDCXXXIII	
IVDCXXXIV	
IVDCXXXIX	
IVDCXXXV	
IVDCXXXVI	
IVDCXXXVII	
IVDCXXXVIII	
IVDI	
IVDII	
IVDIII	
IVDIV	
IVDIX	
IVDL	
IVDLI	
IVDLII	
IVDLIII	
IVDLIV	
IVDLIX	
IVDLV	
IVDLVI	
IVDLVII	
IVDLVIII	
IVDLX	
IVDLXI	
IVDLXII	
IVDLXIII	
IVDLXIV	
IVDLXIX	
IVDLXV	
IVDLXVI	
IVDLXVII	
IVDLXVIII	
IVDLXX	
IVDLXXI	
IVDLXXII	
IVDLXXIII	
IVDLXXIV	
IVDLXXIX	
IVDLXXV	
IVDLXXVI	
IVDLXXVII	
IVDLXXVIII	
IVDLXXX	
IVDLXXXI	
IVDLXXXII	
IVDLXXXIII	
IVDLXXXIV	
IVDLXXXIX	
IVDLXXXV	
IVDLXXXVI	
IVDLXXXVII	
IVDLXXXVIII	
IVDV	
IVDVI	
IVDVII	
IVDVIII	
IVDX	
IVDXC	
IVDXCI	
IVDXCII	
IVDXCIII	
IVDXCIV	
IVDXCIX	
IVDXCV	
IVDXCVI	
IVDXCVII	
IVDXCVIII	
IVDXI	
IVDXII	
IVDXIII	
IVDXIV	
IVDXIX	
IVDXL	
IVDXLI	
IVDXLII	
IVDXLIII	
IVDXLIV	
IVDXLIX	
IVDXLV	
IVDXLVI	
IVDXLVII	
IVDXLVIII	
IVDXV	
IVDXVI	
IVDXVII	
IVDXVIII	
IVDXX	
IVDXXI	
IVDXXII	
IVDXXIII	
IVDXXIV	
IVDXXIX	
IVDXXV	
IVDXXVI	
IVDXXVII	
IVDXXVIII	
IVDXXX	
IVDXXXI	
IVDXXXII	
IVDXXXIII	
IVDXXXIV	
IVDXXXIX	
IVDXXXV	
IVDXXXVI	
IVDXXXVII	
IVDXXXVIII	
IVI	
IVII	
IVIII	
IVIV	
IVIX	
IVL	
IVLI	
IVLII	
IVLIII	
IVLIV	
IVLIX	
IVLV	
IVLVI	
IVLVII	
IVLVIII	
IVLX	
IVLXI	
IVLXII	
IVLXIII	
IVLXIV	
IVLXIX	
IVLXV	
IVLXVI	
IVLXVII	
IVLXVIII	
IVLXX	
IVLXXI	
IVLXXII	
IVLXXIII	
IVLXXIV	
IVLXXIX	
IVLXXV	
IVLXXVI	
IVLXXVII	
IVLXXVIII	
IVLXXX	
IVLXXXI	
IVLXXXII	
IVLXXXIII	
IVLXXXIV	
IVLXXXIX	
IVLXXXV	
IVLXXXVI	
IVLXXXVII	
IVLXXXVIII	
IVV	
IVVI	
IVVII	
IVVIII	
IVX	
IVXC	
IVXCI	
IVXCII	
IVXCIII	
IVXCIV	
IVXCIX	
IVXCV	
IVXCVI	
IVXCVII	
IVXCVIII	
IVXI	
IVXII	
IVXIII	
IVXIV	
IVXIX	
IVXL	
IVXLI	
IVXLII	
IVXLIII	
IVXLIV	
IVXLIX	
IVXLV	
IVXLVI	
IVXLVII	
IVXLVIII	
IVXV	
IVXVI	
IVXVII	
IVXVIII	
IVXX	
IVXXI	
IVXXII	
IVXXIII	
IVXXIV	
IVXXIX	
IVXXV	
IVXXVI	
IVXXVII	
IVXXVIII	
IVXXX	
IVXXXI	
IVXXXII	
IVXXXIII	
IVXXXIV	
IVXXXIX	
IVXXXV	
IVXXXVI	
IVXXXVII	
IVXXXVIII	
jein	je in
joggelen	
jon	jong
jont	joint
Julie	jullie
jumelles	
kaasjager	Kaasjager
kamermeubelen	
kamperveen	Kamperveen
kandidaatsstelling	kandidaatstelling
keesje	
keistad	Keistad
kenen	kennen
kennismakingsadvertentie	
kielman	Kielman
kinematografie	
klakkebus	
klakkebussen	
kno	kon
koeteren	
kokschool	koksschool
kollenbloem	
kommers	Kommers
konijnenburg	Konijnenburg
kramt	kraamt
krates	
kussenstoel	
kwatsen	
laats	laatst
labber	
labberen	
laetare	
landschapschilderijen	landschapsschilderijen
landschapschilderij	landschapsschilderij
landschapschilderkunst	landschapsschilderkunst
landschapschilder	landschapsschilder
landschapschilders	landschapsschilders
lebbe	
leerwerkaanbod	leer-werkaanbod
leerwerkbedrijf	leer-werkbedrijf
leerwerkbedrijven	leer-werkbedrijven
leerwerkplaatsen	leer-werkplaatsen
leerwerkplaats	leer-werkplaats
leerwerkprojecten	leer-werkprojecten
leerwerkproject	leer-werkproject
lidteken	litteken
lidtekens	littekens
lijkte	leek
lijkten	leken
lost generations	
m.	
maagdeken	
makt	maakt
mara	maar;Mara
marcje	
marc	Marc
marctje	
mar	maar
mart	markt
medegaan	
medeslepen	
meelde	mailde
meelden	mailden
meelt	mailt
meerkeuze	
meniet	
mensenzoon	Mensenzoon
mijnentwil	
mijnentwille	
minderman	Minderman
mines	
ML	ml
MM	mm
moederkindje	
moederkindjes	
moeken	
moespot	Moespot
mokkelen	
moltonnen	
momt	komt
moreen	
morgengrauwen	
motorrennen	
muite	muitte
murks	Murks
mw	mw.;mW
nebbe	
nebben	hebben
neb	heb
neerlopen	
ngo	nog
nie	niet
nieuwmelkt	
nijper	
Nuenen, Gerwen en Nederwetten	
oed	
oldenburger	Oldenburger
omkaden	
omspoken	
onderom	
ongelden	ontgelden
ongevallig	
onspannend	ontspannend
onwetens	
onzentwil	
oorlogsgravenstichting	Oorlogsgravenstichting
ootjes	
openlucht	
oppermatig	oppermachtig
opponens	
overdiep	Overdiep
papsoort	paspoort
passporten	paspoorten
peg	pech
penningske	penninkje
pereat	
peterman	pieterman;Peterman
Pinkster	pinkster
plats du jour	
pleten	
pors	Pors
potgieter	Potgieter
prach	pracht
prielen	priëlen
privatim	
P.S. Karsodomedjostraat	
puisje	puistje
puisjes	puistjes
rabatteren	
rechtgeleide	
rechtopgezet	
redens	redenen
reedt	reed
reins	Reins
renen	
reng	
ressource	
rijn	Rijn
romein	Romein
romeinse	romeinse kaars;Romeinse
roodbeen	Roodbeen
roodbol	Roodbol
rop	
ruising	
ruitten	ruiten
sa	
safe sex	veilige seks
schaard	
schildwachthuisje	
schoenhoorn	
schorland	Schotland
seelachs	koolvis
seis	zeis
senten	centen
sent	zend
sexten	seksten
sext	sekst
si	is
sjiek	chic
slechtje	
smartenkind	
smeerling	Smeerling
sneeps	Sneeps
staartpagina	
statenverkiezingen	Statenverkiezingen
stede	steden
steeman	Steeman
stege	
steurden	stuurden
steurde	stuurde
steurt	stuurt
struiven	
st	St.
stukgaand	
tezen	
theeblaren	
thuisliggen	
toetellen	
toiletmaken	
toongevend	toonaangevend
tourbussen	
treek	
trijntjes	
truidrager	
uitbroeien	
uitgetogen	
uitliteren	
uitmond	uitmondt
uitreedt	
uitzijgen	
usantiën	
ut	't
uwentwille	
veiligheidsraad	Veiligheidsraad
velend	vervelend
vellige	veilige
vents	
verassende	verrassende
verassend	verrassend
verassen	verrassen
verassingen	verrassingen
verassing	verrassing
verasten	verrasten
veraste	verraste
verast	verrast
veras	verras
verbaden	verboden
verbad	verfbad;verband
verbidden	verbieden
verbidt	verbiedt
verbid	verbied
verengingen	verenigingen
verenging	vereniging
verg.	
vergenoeg	ver genoeg
verheden	
verlieft	
vermeiden	
vermijdelijke	
verreist	vereist
verrel	
verstanden	
verwegen	
verwelf	
verwilligen	Verwilligen
vestigingsstad	vestingstad
vierliter	vierlitermotor
vijfliter	
vim	Vim
vodde	
voeteren	
voois	melodie;zangstem;Voois
voordewind	
vrijheidsbeeld	Vrijheidsbeeld
vrijlot	
vrijman	Vrijman
waardelen	
wamen	
wanner	wanneer
waterberg	Waterberg
waterkeren	water keren
wede	
weden	werden
wederopzeggens	
wedervinden	
weiders	wijders
weit	wijt
welbewerkt	
wereldlanden	derdewereldlanden
wijds	weids
win-win	
wordprocessors	tekstverwerkers
wordprocessor	tekstverwerker
wort	wordt
wui	
xerox	Xerox
zaan	Zaan
zeeland	Zeeland
zeezot	zeezout
zeide	zijde
zijlen	
zijl	zeil
zijnentwil	
zijnentwille	
zodiac	zodiak
zoopje	
zoopjes	
zoor	
zoude	
zwartdag	
